customer_id,name,email,phone,created_at
1,Vivaan Iyer,diya.reddy@gmail.com,9520565932,2023-02-18 03:01:57.831356
2,Priya Patel,rahul.nair@gmail.com,9407945103,2023-05-06 16:10:13.239033
3,Ananya Verma,aadhya.verma@gmail.com,9460387729,2023-05-19 14:29:56.186841
4,Karthik Singh,vivaan.das@gmail.com,9951280109,2024-08-03 08:34:17.672103
5,Nisha Sharma,aarav.sharma@gmail.com,9211374056,2023-01-07 19:20:46.469417
6,Diya Nair,diya.singh@gmail.com,9503444841,2023-12-28 04:43:03.332353
7,Ananya Patel,karthik.singh@gmail.com,9208015187,2023-06-27 14:40:11.870716
8,Vivaan Nair,sneha.verma@gmail.com,9458598702,2024-07-10 23:36:20.215084
9,Kavya Nair,aditya.das@gmail.com,9509885965,2024-11-05 14:48:41.576306
10,Rohan Patel,karthik.khan@gmail.com,9197820739,2025-06-05 17:07:59.508960
11,Priya Das,ishaan.das@gmail.com,9792229881,2025-01-06 09:08:03.701586
12,Nisha Singh,aadhya.sharma@gmail.com,9666250154,2025-01-01 14:16:21.058310
13,Kavya Das,sai.reddy@gmail.com,9592243154,2024-08-09 13:56:04.741604
14,Pooja Nair,krishna.khan@gmail.com,9143990121,2023-03-29 09:39:33.551147
15,Aadhya Iyer,rohan.gupta@gmail.com,9186984303,2023-10-24 15:05:11.198243
16,Karthik Reddy,nisha.sharma@gmail.com,9045241005,2024-11-08 22:57:26.621540
17,Swathi Gupta,priya.nair@gmail.com,9425813725,2024-09-29 07:32:31.862227
18,Swathi Patel,nisha.iyer@gmail.com,9954217555,2024-07-25 15:42:39.231557
19,Nisha Iyer,diya.patel@gmail.com,9746652880,2024-09-13 01:35:38.682358
20,Pooja Verma,priya.patel@gmail.com,9734029450,2024-01-01 13:50:34.100245
21,Vivaan Iyer,arjun.gupta@gmail.com,9008756259,2025-02-23 00:57:13.147303
22,Krishna Singh,ishaan.gupta@gmail.com,9412960491,2024-01-20 12:47:06.615701
23,Sai Singh,aadhya.das@gmail.com,9446897316,2025-01-18 01:07:12.333861
24,Aditya Patel,swathi.sharma@gmail.com,9068429059,2024-04-28 04:06:09.544419
25,Kavya Reddy,diya.sharma@gmail.com,9362154020,2025-07-12 18:13:56.702204
26,Krishna Das,nisha.das@gmail.com,9761845169,2025-01-02 13:12:06.249963
27,Kavya Singh,kavya.reddy@gmail.com,9255953518,2023-09-09 21:03:28.750590
28,Aditya Iyer,diya.verma@gmail.com,9827818326,2023-01-27 20:31:22.200914
29,Ishaan Singh,karthik.das@gmail.com,9306924672,2025-01-07 19:35:13.856810
30,Priya Gupta,karthik.iyer@gmail.com,9700558927,2024-03-20 20:38:50.738655
31,Meera Khan,krishna.patel@gmail.com,9491064300,2023-03-04 00:37:49.846293
32,Rohan Khan,swathi.gupta@gmail.com,9977909507,2024-08-17 22:11:45.843930
33,Swathi Verma,aadhya.das@gmail.com,9444646116,2023-09-01 14:30:09.188483
34,Nisha Reddy,meera.reddy@gmail.com,9879486030,2023-07-21 17:32:39.385136
35,Pooja Verma,meera.verma@gmail.com,9740356969,2023-07-29 17:58:02.321468
36,Rohan Singh,arjun.singh@gmail.com,9564315932,2023-05-14 17:13:15.828514
37,Sneha Verma,sneha.khan@gmail.com,9271809002,2023-06-19 09:14:24.770881
38,Aditya Nair,rahul.gupta@gmail.com,9844114807,2023-02-14 12:26:29.793357
39,Sneha Iyer,krishna.verma@gmail.com,9006719209,2023-07-14 15:12:56.657173
40,Meera Nair,arjun.patel@gmail.com,9095558380,2023-09-01 19:19:08.331790
41,Aditya Patel,diya.reddy@gmail.com,9538305359,2024-02-23 06:19:51.603516
42,Sneha Iyer,pooja.verma@gmail.com,9875640737,2023-11-24 02:49:40.353072
43,Aditya Patel,arjun.khan@gmail.com,9832927711,2024-04-23 09:44:02.084835
44,Pooja Patel,ananya.khan@gmail.com,9420361016,2024-08-29 03:12:36.768194
45,Vivaan Das,sai.singh@gmail.com,9011530469,2023-02-17 10:07:20.310600
46,Aarav Sharma,pooja.verma@gmail.com,9241158308,2025-02-26 18:36:04.944360
47,Priya Nair,aarav.nair@gmail.com,9098302435,2023-10-29 01:29:35.299727
48,Priya Singh,kavya.verma@gmail.com,9913994824,2025-01-22 09:40:06.630441
49,Rahul Singh,priya.verma@gmail.com,9173719034,2024-05-19 16:30:39.158486
50,Kavya Verma,aadhya.gupta@gmail.com,9324370025,2023-06-03 20:27:59.308121
51,Karthik Sharma,vivaan.reddy@gmail.com,9840519473,2025-05-11 00:47:22.585095
52,Ishaan Das,kavya.das@gmail.com,9416048449,2023-10-12 17:06:40.978405
53,Meera Patel,aarav.singh@gmail.com,9616183988,2024-06-06 13:45:36.732306
54,Pooja Das,diya.reddy@gmail.com,9361936697,2023-01-22 16:20:42.026476
55,Ananya Iyer,krishna.das@gmail.com,9011663108,2025-04-30 23:21:12.498769
56,Pooja Nair,arjun.khan@gmail.com,9902751258,2025-03-25 00:47:05.099733
57,Kavya Iyer,krishna.reddy@gmail.com,9810310314,2023-06-21 23:08:43.431612
58,Pooja Singh,aarav.verma@gmail.com,9927275314,2023-06-24 01:05:15.748071
59,Sai Das,arjun.gupta@gmail.com,9945831801,2024-02-17 08:26:44.145254
60,Aadhya Verma,ishaan.verma@gmail.com,9366161207,2023-05-01 23:22:51.639553
61,Ishaan Patel,aadhya.das@gmail.com,9361285164,2023-11-01 05:15:31.032449
62,Aditya Khan,kavya.sharma@gmail.com,9081144625,2024-03-26 06:42:35.293357
63,Meera Reddy,priya.verma@gmail.com,9531810055,2024-01-03 20:15:33.890975
64,Krishna Singh,ananya.verma@gmail.com,9227591626,2023-12-03 18:30:45.550447
65,Pooja Patel,nisha.iyer@gmail.com,9965806329,2023-12-01 04:31:50.250544
66,Ishaan Gupta,krishna.reddy@gmail.com,9230844915,2023-08-15 22:03:43.235737
67,Kavya Gupta,nisha.singh@gmail.com,9545387632,2025-05-04 23:31:51.706380
68,Krishna Gupta,karthik.patel@gmail.com,9233584007,2023-08-27 05:52:23.899965
69,Vivaan Khan,arjun.nair@gmail.com,9401170129,2023-05-22 11:43:34.845409
70,Rahul Nair,karthik.nair@gmail.com,9184282387,2024-03-21 09:53:03.317414
71,Sai Singh,sneha.nair@gmail.com,9706621960,2024-03-19 02:13:42.711805
72,Krishna Singh,meera.das@gmail.com,9641670766,2024-12-10 23:23:15.701642
73,Sneha Patel,kavya.patel@gmail.com,9678765323,2024-12-05 00:55:37.596031
74,Karthik Nair,priya.gupta@gmail.com,9814872937,2025-02-05 03:44:13.038715
75,Arjun Singh,meera.khan@gmail.com,9371157565,2024-07-24 06:37:07.363859
76,Sneha Patel,arjun.iyer@gmail.com,9056993969,2025-06-08 03:54:13.498361
77,Aadhya Sharma,aadhya.patel@gmail.com,9954771639,2024-01-05 09:03:13.579258
78,Swathi Nair,rahul.das@gmail.com,9515234814,2024-04-15 17:09:51.644763
79,Karthik Sharma,ishaan.patel@gmail.com,9559581428,2023-01-30 10:46:52.415284
80,Vivaan Gupta,kavya.singh@gmail.com,9762429233,2024-06-10 17:46:47.480446
81,Diya Sharma,aadhya.iyer@gmail.com,9997432101,2023-08-02 21:19:07.275819
82,Sai Gupta,priya.iyer@gmail.com,9952245955,2024-11-02 01:48:57.105066
83,Meera Patel,ishaan.singh@gmail.com,9293430492,2025-01-12 16:06:59.163320
84,Ishaan Sharma,ishaan.patel@gmail.com,9617202608,2024-06-27 13:39:46.824609
85,Rahul Verma,nisha.reddy@gmail.com,9337337598,2025-05-07 17:49:31.483844
86,Nisha Reddy,priya.nair@gmail.com,9396599031,2023-03-10 11:33:12.456402
87,Kavya Iyer,ananya.khan@gmail.com,9818656931,2024-06-23 03:16:14.798466
88,Meera Gupta,ananya.khan@gmail.com,9326671630,2024-03-14 04:12:02.288510
89,Arjun Iyer,pooja.reddy@gmail.com,9779089240,2023-06-18 09:51:23.034019
90,Aadhya Iyer,rahul.nair@gmail.com,9987123420,2025-03-15 06:33:43.569751
91,Sneha Singh,aarav.sharma@gmail.com,9319892900,2023-06-23 05:16:19.014903
92,Karthik Nair,rohan.patel@gmail.com,9660043961,2023-10-07 09:41:42.962798
93,Aadhya Das,arjun.reddy@gmail.com,9721771849,2024-06-11 06:29:45.627101
94,Vivaan Das,pooja.nair@gmail.com,9109001950,2025-07-25 02:33:13.681421
95,Vivaan Singh,aadhya.das@gmail.com,9707638087,2025-04-13 22:10:22.955139
96,Arjun Nair,vivaan.verma@gmail.com,9850705167,2024-07-06 11:41:28.947836
97,Sneha Reddy,kavya.iyer@gmail.com,9648470819,2025-01-28 01:44:22.862533
98,Pooja Khan,rahul.verma@gmail.com,9319648599,2023-01-01 16:30:25.275780
99,Aarav Gupta,krishna.singh@gmail.com,9014444936,2023-08-02 16:06:07.045291
100,Krishna Gupta,karthik.iyer@gmail.com,9027068109,2024-12-17 10:14:28.816856
